अ,अ,आ,3
अ,आ,आ,3
अ,इ,ओ,3
अ,ई,ओ,3
अ,उ,ए,3
अ,ऊ,ए,3
अ,ऋ,अर्,3
अ,ॠ,अर्,3
अ,ऌ,अल्,3
अ,ए,ऐ,3
अ,ऐ,ऐ,3
अ,ओ,औ,3
अ,औ,औ,3
आ,अ,आ,3
आ,आ,आ,3
आ,इ,ओ,3
आ,ई,ओ,3
आ,उ,ए,3
आ,ऊ,ए,3
आ,ऋ,अर्,3
आ,ॠ,अर्,3
आ,ऌ,अल्,3
आ,ए,ऐ,3
आ,ऐ,ऐ,3
आ,ओ,औ,3
आ,औ,औ,3
इ,अ,य्,0
इ,आ,य्,0
इ,इ,ई,3
इ,ई,ई,3
इ,उ,य्,0
इ,ऊ,य्,0
इ,ऋ,य्,0
इ,ॠ,य्,0
इ,ऌ,य्,0
इ,ए,य्,0
इ,ऐ,य्,0
इ,ओ,य्,0
इ,औ,य्,0
ई,अ,य्,0
ई,आ,य्,0
ई,इ,ई,3
ई,ई,ई,3
ई,उ,य्,0
ई,ऊ,य्,0
ई,ऋ,य्,0
ई,ॠ,य्,0
ई,ऌ,य्,0
ई,ए,य्,0
ई,ऐ,य्,0
ई,ओ,य्,0
ई,औ,य्,0
उ,अ,व्,0
उ,आ,व्,0
उ,इ,व्,0
उ,ई,व्,0
उ,उ,ऊ,3
उ,ऊ,ऊ,3
उ,ऋ,व्,0
उ,ॠ,व्,0
उ,ऌ,व्,0
उ,ए,व्,0
उ,ऐ,व्,0
उ,ओ,व्,0
उ,औ,व्,0
ऊ,अ,व्,0
ऊ,आ,व्,0
ऊ,इ,व्,0
ऊ,ई,व्,0
ऊ,उ,ऊ,3
ऊ,ऊ,ऊ,3
ऊ,ऋ,व्,0
ऊ,ॠ,व्,0
ऊ,ऌ,व्,0
ऊ,ए,व्,0
ऊ,ऐ,व्,0
ऊ,ओ,व्,0
ऊ,औ,व्,0
ऋ,अ,र्,0
ऋ,आ,र्,0
ऋ,इ,र्,0
ऋ,ई,र्,0
ऋ,उ,र्,0
ऋ,ऊ,र्,0
ऋ,ऋ,ॠ,3
ऋ,ॠ,ॠ,3
ऋ,ऌ,र्,0
ऋ,ए,र्,0
ऋ,ऐ,र्,0
ऋ,ओ,र्,0
ऋ,औ,र्,0
ॠ,अ,र्,0
ॠ,आ,र्,0
ॠ,इ,र्,0
ॠ,ई,र्,0
ॠ,उ,र्,0
ॠ,ऊ,र्,0
ॠ,ऋ,ॠ,3
ॠ,ॠ,ॠ,3
ॠ,ऌ,र्,0
ॠ,ए,र्,0
ॠ,ऐ,र्,0
ॠ,ओ,र्,0
ॠ,औ,र्,0
ॡ,अ,ल्,0
ॡ,आ,ल्,0
ॡ,इ,ल्,0
ॡ,ई,ल्,0
ॡ,उ,ल्,0
ॡ,ऊ,ल्,0
ॡ,ऋ,ल्,0
ॡ,ॠ,ल्,0
ॡ,ऌ,ॠ,3
ॡ,ए,ल्,0
ॡ,ऐ,ल्,0
ॡ,ओ,ल्,0
ॡ,औ,ल्,0
ए,अ,एऽ,3
ए,आ,अ ,0
ए,इ,अ ,0
ए,ई,अ ,0
ए,उ,अ ,0
ए,ऊ,अ ,0
ए,ऋ,अ ,0
ए,ॠ,अ ,0
ए,ऌ,अ ,0
ए,ए,अ ,0
ए,ऐ,अ ,0
ए,ओ,अ ,0
ए,औ,अ ,0
ऐ,अ,आ ,0
ऐ,आ,अ ,0
ऐ,इ,अ ,0
ऐ,ई,अ ,0
ऐ,उ,अ ,0
ऐ,ऊ,अ ,0
ऐ,ऋ,अ ,0
ऐ,ॠ,अ ,0
ऐ,ऌ,अ ,0
ऐ,ए,अ ,0
ऐ,ऐ,अ ,0
ऐ,ओ,अ ,0
ऐ,औ,अ ,0
ओ,अ,ओऽ,3
ओ,आ,आ ,0
ओ,इ,आ ,0
ओ,ई,आ ,0
ओ,उ,आ ,0
ओ,ऊ,आ ,0
ओ,ऋ,आ ,0
ओ,ॠ,आ ,0
ओ,ऌ,आ ,0
ओ,ए,आ ,0
ओ,ऐ,आ ,0
ओ,ओ,आ ,0
ओ,औ,आ ,0
औ,अ,आ ,0
औ,आ,आ ,0
औ,इ,आ ,0
औ,ई,आ ,0
औ,उ,आ ,0
औ,ऊ,आ ,0
औ,ऋ,आ ,0
औ,ॠ,आ ,0
औ,ऌ,आ ,0
औ,ए,आ ,0
औ,ऐ,आ ,0
औ,ओ,आ ,0
औ,औ,आ ,0
क्,अ,ग्,0
क्,आ,ग्,0
क्,इ,ग्,0
क्,ई,ग्,0
क्,उ,ग्,0
क्,ऊ,ग्,0
क्,ऋ,ग्,0
क्,ॠ,ग्,0
क्,ऌ,ग्,0
क्,ए,ग्,0
क्,ऐ,ग्,0
क्,ओ,ग्,0
क्,औ,ग्,0
क्,क्,क्,0
क्,ख्,क्,0
क्,ग्,ग्,0
क्,घ्,ग्,0
क्,ङ्,ङ्,0
क्,च्,क्,0
क्,छ्,क्,0
क्,ज्,ग्,0
क्,झ्,ग्,0
क्,ञ्,ङ्,0
क्,ट्,क्,0
क्,ठ्,क्,0
क्,ड्,ग्,0
क्,ढ्,ग्,0
क्,ण्,ङ्,0
क्,त्,क्,0
क्,थ्,क्,0
क्,द्,ग्,0
क्,ध्,ग्,0
क्,न्,ङ्,0
क्,प्,क्,0
क्,फ्,क्,0
क्,ब्,ग्,0
क्,भ्,ग्,0
क्,म्,ङ्,0
क्,य्,ग्,0
क्,र्,ग्,0
क्,ल्,ग्,0
क्,व्,ग्,0
क्,श्,क्,0
क्,ष्,क्,0
क्,स्,क्,0
ख्,अ,ग्,0
ख्,आ,ग्,0
ख्,इ,ग्,0
ख्,ई,ग्,0
ख्,उ,ग्,0
ख्,ऊ,ग्,0
ख्,ऋ,ग्,0
ख्,ॠ,ग्,0
ख्,ऌ,ग्,0
ख्,ए,ग्,0
ख्,ऐ,ग्,0
ख्,ओ,ग्,0
ख्,औ,ग्,0
ख्,क्,क्,0
ख्,ख्,क्,0
ख्,ग्,ग्,0
ख्,घ्,ग्,0
ख्,ङ्,ङ्,0
ख्,च्,क्,0
ख्,छ्,क्,0
ख्,ज्,ग्,0
ख्,झ्,ग्,0
ख्,ञ्,ङ्,0
ख्,ट्,क्,0
ख्,ठ्,क्,0
ख्,ड्,ग्,0
ख्,ढ्,ग्,0
ख्,ण्,ङ्,0
ख्,त्,क्,0
ख्,थ्,क्,0
ख्,द्,ग्,0
ख्,ध्,ग्,0
ख्,न्,ङ्,0
ख्,प्,क्,0
ख्,फ्,क्,0
ख्,ब्,ग्,0
ख्,भ्,ग्,0
ख्,म्,ङ्,0
ख्,य्,ग्,0
ख्,र्,ग्,0
ख्,ल्,ग्,0
ख्,व्,ग्,0
ख्,श्,क्,0
ख्,ष्,क्,0
ख्,स्,क्,0
ग्,अ,ग्,0
ग्,आ,ग्,0
ग्,इ,ग्,0
ग्,ई,ग्,0
ग्,उ,ग्,0
ग्,ऊ,ग्,0
ग्,ऋ,ग्,0
ग्,ॠ,ग्,0
ग्,ऌ,ग्,0
ग्,ए,ग्,0
ग्,ऐ,ग्,0
ग्,ओ,ग्,0
ग्,औ,ग्,0
ग्,क्,क्,0
ग्,ख्,क्,0
ग्,ग्,ग्,0
ग्,घ्,ग्,0
ग्,ङ्,ङ्,0
ग्,च्,क्,0
ग्,छ्,क्,0
ग्,ज्,ग्,0
ग्,झ्,ग्,0
ग्,ञ्,ङ्,0
ग्,ट्,क्,0
ग्,ठ्,क्,0
ग्,ड्,ग्,0
ग्,ढ्,ग्,0
ग्,ण्,ङ्,0
ग्,त्,क्,0
ग्,थ्,क्,0
ग्,द्,ग्,0
ग्,ध्,ग्,0
ग्,न्,ङ्,0
ग्,प्,क्,0
ग्,फ्,क्,0
ग्,ब्,ग्,0
ग्,भ्,ग्,0
ग्,म्,ङ्,0
ग्,य्,ग्,0
ग्,र्,ग्,0
ग्,ल्,ग्,0
ग्,व्,ग्,0
ग्,श्,क्,0
ग्,ष्,क्,0
ग्,स्,क्,0
घ्,अ,ग्,0
घ्,आ,ग्,0
घ्,इ,ग्,0
घ्,ई,ग्,0
घ्,उ,ग्,0
घ्,ऊ,ग्,0
घ्,ऋ,ग्,0
घ्,ॠ,ग्,0
घ्,ऌ,ग्,0
घ्,ए,ग्,0
घ्,ऐ,ग्,0
घ्,ओ,ग्,0
घ्,औ,ग्,0
घ्,क्,क्,0
घ्,ख्,क्,0
घ्,ग्,ग्,0
घ्,घ्,ग्,0
घ्,ङ्,ङ्,0
घ्,च्,क्,0
घ्,छ्,क्,0
घ्,ज्,ग्,0
घ्,झ्,ग्,0
घ्,ञ्,ङ्,0
घ्,ट्,क्,0
घ्,ठ्,क्,0
घ्,ड्,ग्,0
घ्,ढ्,ग्,0
घ्,ण्,ङ्,0
घ्,त्,क्,0
घ्,थ्,क्,0
घ्,द्,ग्,0
घ्,ध्,ग्,0
घ्,न्,ङ्,0
घ्,प्,क्,0
घ्,फ्,क्,0
घ्,ब्,ग्,0
घ्,भ्,ग्,0
घ्,म्,ङ्,0
घ्,य्,ग्,0
घ्,र्,ग्,0
घ्,ल्,ग्,0
घ्,व्,ग्,0
घ्,श्,क्,0
घ्,ष्,क्,0
घ्,स्,क्,0
ङ्,अ,ङ्,2
ङ्,आ,ङ्,2
ङ्,इ,ङ्,2
ङ्,ई,ङ्,2
ङ्,उ,ङ्,2
ङ्,ऊ,ङ्,2
ङ्,ऋ,ङ्,2
ङ्,ॠ,ङ्,2
ङ्,ऌ,ङ्,2
ङ्,ए,ङ्,2
ङ्,ऐ,ङ्,2
ङ्,ओ,ङ्,2
ङ्,औ,ङ्,2
ङ्,ङ्,ङ्,0
ङ्,ञ्,ङ्,0
ङ्,ण्,ङ्,0
ङ्,न्,ङ्,0
ङ्,म्,ङ्,0
च्,अ,ग्,0
च्,आ,ग्,0
च्,इ,ग्,0
च्,ई,ग्,0
च्,उ,ग्,0
च्,ऊ,ग्,0
च्,ऋ,ग्,0
च्,ॠ,ग्,0
च्,ऌ,ग्,0
च्,ए,ग्,0
च्,ऐ,ग्,0
च्,ओ,ग्,0
च्,औ,ग्,0
च्,क्,क्,0
च्,ख्,क्,0
च्,ग्,ग्,0
च्,घ्,ग्,0
च्,ङ्,ङ्,0
च्,च्,क्,0
च्,छ्,क्,0
च्,ज्,ग्,0
च्,झ्,ग्,0
च्,ञ्,ङ्,0
च्,ट्,क्,0
च्,ठ्,क्,0
च्,ड्,ग्,0
च्,ढ्,ग्,0
च्,ण्,ङ्,0
च्,त्,क्,0
च्,थ्,क्,0
च्,द्,ग्,0
च्,ध्,ग्,0
च्,न्,ङ्,0
च्,प्,क्,0
च्,फ्,क्,0
च्,ब्,ग्,0
च्,भ्,ग्,0
च्,म्,ङ्,0
च्,य्,ग्,0
च्,र्,ग्,0
च्,ल्,ग्,0
च्,व्,ग्,0
च्,श्,क्,0
च्,ष्,क्,0
च्,स्,क्,0
छ्,अ,ग्,0
छ्,आ,ग्,0
छ्,इ,ग्,0
छ्,ई,ग्,0
छ्,उ,ग्,0
छ्,ऊ,ग्,0
छ्,ऋ,ग्,0
छ्,ॠ,ग्,0
छ्,ऌ,ग्,0
छ्,ए,ग्,0
छ्,ऐ,ग्,0
छ्,ओ,ग्,0
छ्,औ,ग्,0
छ्,क्,क्,0
छ्,ख्,क्,0
छ्,ग्,ग्,0
छ्,घ्,ग्,0
छ्,ङ्,ङ्,0
छ्,च्,क्,0
छ्,छ्,क्,0
छ्,ज्,ग्,0
छ्,झ्,ग्,0
छ्,ञ्,ङ्,0
छ्,ट्,क्,0
छ्,ठ्,क्,0
छ्,ड्,ग्,0
छ्,ढ्,ग्,0
छ्,ण्,ङ्,0
छ्,त्,क्,0
छ्,थ्,क्,0
छ्,द्,ग्,0
छ्,ध्,ग्,0
छ्,न्,ङ्,0
छ्,प्,क्,0
छ्,फ्,क्,0
छ्,ब्,ग्,0
छ्,भ्,ग्,0
छ्,म्,ङ्,0
छ्,य्,ग्,0
छ्,र्,ग्,0
छ्,ल्,ग्,0
छ्,व्,ग्,0
छ्,श्,क्,0
छ्,ष्,क्,0
छ्,स्,क्,0
ज्,अ,ग्,0
ज्,आ,ग्,0
ज्,इ,ग्,0
ज्,ई,ग्,0
ज्,उ,ग्,0
ज्,ऊ,ग्,0
ज्,ऋ,ग्,0
ज्,ॠ,ग्,0
ज्,ऌ,ग्,0
ज्,ए,ग्,0
ज्,ऐ,ग्,0
ज्,ओ,ग्,0
ज्,औ,ग्,0
ज्,क्,क्,0
ज्,ख्,क्,0
ज्,ग्,ग्,0
ज्,घ्,ग्,0
ज्,ङ्,ङ्,0
ज्,च्,क्,0
ज्,छ्,क्,0
ज्,ज्,ग्,0
ज्,झ्,ग्,0
ज्,ञ्,ङ्,0
ज्,ट्,क्,0
ज्,ठ्,क्,0
ज्,ड्,ग्,0
ज्,ढ्,ग्,0
ज्,ण्,ङ्,0
ज्,त्,क्,0
ज्,थ्,क्,0
ज्,द्,ग्,0
ज्,ध्,ग्,0
ज्,न्,ङ्,0
ज्,प्,क्,0
ज्,फ्,क्,0
ज्,ब्,ग्,0
ज्,भ्,ग्,0
ज्,म्,ङ्,0
ज्,य्,ग्,0
ज्,र्,ग्,0
ज्,ल्,ग्,0
ज्,व्,ग्,0
ज्,श्,क्,0
ज्,ष्,क्,0
ज्,स्,क्,0
झ्,अ,ग्,0
झ्,आ,ग्,0
झ्,इ,ग्,0
झ्,ई,ग्,0
झ्,उ,ग्,0
झ्,ऊ,ग्,0
झ्,ऋ,ग्,0
झ्,ॠ,ग्,0
झ्,ऌ,ग्,0
झ्,ए,ग्,0
झ्,ऐ,ग्,0
झ्,ओ,ग्,0
झ्,औ,ग्,0
झ्,क्,क्,0
झ्,ख्,क्,0
झ्,ग्,ग्,0
झ्,घ्,ग्,0
झ्,ङ्,ङ्,0
झ्,च्,क्,0
झ्,छ्,क्,0
झ्,ज्,ग्,0
झ्,झ्,ग्,0
झ्,ञ्,ङ्,0
झ्,ट्,क्,0
झ्,ठ्,क्,0
झ्,ड्,ग्,0
झ्,ढ्,ग्,0
झ्,ण्,ङ्,0
झ्,त्,क्,0
झ्,थ्,क्,0
झ्,द्,ग्,0
झ्,ध्,ग्,0
झ्,न्,ङ्,0
झ्,प्,क्,0
झ्,फ्,क्,0
झ्,ब्,ग्,0
झ्,भ्,ग्,0
झ्,म्,ङ्,0
झ्,य्,ग्,0
झ्,र्,ग्,0
झ्,ल्,ग्,0
झ्,व्,ग्,0
झ्,श्,क्,0
झ्,ष्,क्,0
झ्,स्,क्,0
ञ्,ङ्,ङ्,0
ञ्,ञ्,ङ्,0
ञ्,ण्,ङ्,0
ञ्,न्,ङ्,0
ञ्,म्,ङ्,0
ट्,अ,ड्,0
ट्,आ,ड्,0
ट्,इ,ड्,0
ट्,ई,ड्,0
ट्,उ,ड्,0
ट्,ऊ,ड्,0
ट्,ऋ,ड्,0
ट्,ॠ,ड्,0
ट्,ऌ,ड्,0
ट्,ए,ड्,0
ट्,ऐ,ड्,0
ट्,ओ,ड्,0
ट्,औ,ड्,0
ट्,क्,ट्,0
ट्,ख्,ट्,0
ट्,ग्,ड्,0
ट्,घ्,ड्,0
ट्,ङ्,ण्,0
ट्,च्,ट्,0
ट्,छ्,ट्,0
ट्,ज्,ड्,0
ट्,झ्,ड्,0
ट्,ञ्,ण्,0
ट्,ट्,ट्,0
ट्,ठ्,ट्,0
ट्,ड्,ड्,0
ट्,ढ्,ड्,0
ट्,ण्,ण्,0
ट्,त्,ट्,0
ट्,थ्,ट्,0
ट्,द्,ड्,0
ट्,ध्,ड्,0
ट्,न्,ण्,0
ट्,प्,ट्,0
ट्,फ्,ट्,0
ट्,ब्,ड्,0
ट्,भ्,ड्,0
ट्,म्,ण्,0
ठ्,अ,ड्,0
ठ्,आ,ड्,0
ठ्,इ,ड्,0
ठ्,ई,ड्,0
ठ्,उ,ड्,0
ठ्,ऊ,ड्,0
ठ्,ऋ,ड्,0
ठ्,ॠ,ड्,0
ठ्,ऌ,ड्,0
ठ्,ए,ड्,0
ठ्,ऐ,ड्,0
ठ्,ओ,ड्,0
ठ्,औ,ड्,0
ठ्,क्,ट्,0
ठ्,ख्,ट्,0
ठ्,ग्,ड्,0
ठ्,घ्,ड्,0
ठ्,ङ्,ण्,0
ठ्,च्,ट्,0
ठ्,छ्,ट्,0
ठ्,ज्,ड्,0
ठ्,झ्,ड्,0
ठ्,ञ्,ण्,0
ठ्,ट्,ट्,0
ठ्,ठ्,ट्,0
ठ्,ड्,ड्,0
ठ्,ढ्,ड्,0
ठ्,ण्,ण्,0
ठ्,त्,ट्,0
ठ्,थ्,ट्,0
ठ्,द्,ड्,0
ठ्,ध्,ड्,0
ठ्,न्,ण्,0
ठ्,प्,ट्,0
ठ्,फ्,ट्,0
ठ्,ब्,ड्,0
ठ्,भ्,ड्,0
ठ्,म्,ण्,0
ड्,अ,ड्,0
ड्,आ,ड्,0
ड्,इ,ड्,0
ड्,ई,ड्,0
ड्,उ,ड्,0
ड्,ऊ,ड्,0
ड्,ऋ,ड्,0
ड्,ॠ,ड्,0
ड्,ऌ,ड्,0
ड्,ए,ड्,0
ड्,ऐ,ड्,0
ड्,ओ,ड्,0
ड्,औ,ड्,0
ड्,क्,ट्,0
ड्,ख्,ट्,0
ड्,ग्,ड्,0
ड्,घ्,ड्,0
ड्,ङ्,ण्,0
ड्,च्,ट्,0
ड्,छ्,ट्,0
ड्,ज्,ड्,0
ड्,झ्,ड्,0
ड्,ञ्,ण्,0
ड्,ट्,ट्,0
ड्,ठ्,ट्,0
ड्,ड्,ड्,0
ड्,ढ्,ड्,0
ड्,ण्,ण्,0
ड्,त्,ट्,0
ड्,थ्,ट्,0
ड्,द्,ड्,0
ड्,ध्,ड्,0
ड्,न्,ण्,0
ड्,प्,ट्,0
ड्,फ्,ट्,0
ड्,ब्,ड्,0
ड्,भ्,ड्,0
ड्,म्,ण्,0
ढ्,अ,ड्,0
ढ्,आ,ड्,0
ढ्,इ,ड्,0
ढ्,ई,ड्,0
ढ्,उ,ड्,0
ढ्,ऊ,ड्,0
ढ्,ऋ,ड्,0
ढ्,ॠ,ड्,0
ढ्,ऌ,ड्,0
ढ्,ए,ड्,0
ढ्,ऐ,ड्,0
ढ्,ओ,ड्,0
ढ्,औ,ड्,0
ढ्,क्,ट्,0
ढ्,ख्,ट्,0
ढ्,ग्,ड्,0
ढ्,घ्,ड्,0
ढ्,ङ्,ण्,0
ढ्,च्,ट्,0
ढ्,छ्,ट्,0
ढ्,ज्,ड्,0
ढ्,झ्,ड्,0
ढ्,ञ्,ण्,0
ढ्,ट्,ट्,0
ढ्,ठ्,ट्,0
ढ्,ड्,ड्,0
ढ्,ढ्,ड्,0
ढ्,ण्,ण्,0
ढ्,त्,ट्,0
ढ्,थ्,ट्,0
ढ्,द्,ड्,0
ढ्,ध्,ड्,0
ढ्,न्,ण्,0
ढ्,प्,ट्,0
ढ्,फ्,ट्,0
ढ्,ब्,ड्,0
ढ्,भ्,ड्,0
ढ्,म्,ण्,0
ण्,अ,ण्,2
ण्,आ,ण्,2
ण्,इ,ण्,2
ण्,ई,ण्,2
ण्,उ,ण्,2
ण्,ऊ,ण्,2
ण्,ऋ,ण्,2
ण्,ॠ,ण्,2
ण्,ऌ,ण्,2
ण्,ए,ण्,2
ण्,ऐ,ण्,2
ण्,ओ,ण्,2
ण्,औ,ण्,2
ण्,ङ्,ण्,0
ण्,ञ्,ण्,0
ण्,ण्,ण्,0
ण्,न्,ण्,0
ण्,म्,ण्,0
त्,अ,द्,0
त्,आ,द्,0
त्,इ,द्,0
त्,ई,द्,0
त्,उ,द्,0
त्,ऊ,द्,0
त्,ऋ,द्,0
त्,ॠ,द्,0
त्,ऌ,द्,0
त्,ए,द्,0
त्,ऐ,द्,0
त्,ओ,द्,0
त्,औ,द्,0
त्,क्,त्,0
त्,ख्,त्,0
त्,ग्,द्,0
त्,घ्,द्,0
त्,ङ्,न्,0
त्,च्,च्,0
त्,छ्,च्,0
त्,ज्,ज्,0
त्,झ्,ज्,0
त्,ञ्,ञ्,0
त्,ट्,ट्,0
त्,ठ्,ट्,0
त्,ड्,ड्,0
त्,ढ्,ड्,0
त्,ण्,ण्,0
त्,त्,त्,0
त्,थ्,त्,0
त्,द्,द्,0
त्,ध्,द्,0
त्,न्,न्,0
त्,प्,त्,0
त्,फ्,त्,0
त्,ब्,द्,0
त्,भ्,द्,0
त्,म्,न्,0
त्,ल्,ंल्,0
थ्,अ,द्,0
थ्,आ,द्,0
थ्,इ,द्,0
थ्,ई,द्,0
थ्,उ,द्,0
थ्,ऊ,द्,0
थ्,ऋ,द्,0
थ्,ॠ,द्,0
थ्,ऌ,द्,0
थ्,ए,द्,0
थ्,ऐ,द्,0
थ्,ओ,द्,0
थ्,औ,द्,0
थ्,क्,त्,0
थ्,ख्,त्,0
थ्,ग्,द्,0
थ्,घ्,द्,0
थ्,ङ्,न्,0
थ्,च्,च्,0
थ्,छ्,च्,0
थ्,ज्,ज्,0
थ्,झ्,ज्,0
थ्,ञ्,ञ्,0
थ्,ट्,ट्,0
थ्,ठ्,ट्,0
थ्,ड्,ड्,0
थ्,ढ्,ड्,0
थ्,ण्,ण्,0
थ्,त्,त्,0
थ्,थ्,त्,0
थ्,द्,द्,0
थ्,ध्,द्,0
थ्,न्,न्,0
थ्,प्,त्,0
थ्,फ्,त्,0
थ्,ब्,द्,0
थ्,भ्,द्,0
थ्,म्,न्,0
थ्,ल्,ंल्,0
द्,अ,द्,0
द्,आ,द्,0
द्,इ,द्,0
द्,ई,द्,0
द्,उ,द्,0
द्,ऊ,द्,0
द्,ऋ,द्,0
द्,ॠ,द्,0
द्,ऌ,द्,0
द्,ए,द्,0
द्,ऐ,द्,0
द्,ओ,द्,0
द्,औ,द्,0
द्,क्,त्,0
द्,ख्,त्,0
द्,ग्,द्,0
द्,घ्,द्,0
द्,ङ्,न्,0
द्,च्,च्,0
द्,छ्,च्,0
द्,ज्,ज्,0
द्,झ्,ज्,0
द्,ञ्,ञ्,0
द्,ट्,ट्,0
द्,ठ्,ट्,0
द्,ड्,ड्,0
द्,ढ्,ड्,0
द्,ण्,ण्,0
द्,त्,त्,0
द्,थ्,त्,0
द्,द्,द्,0
द्,ध्,द्,0
द्,न्,न्,0
द्,प्,त्,0
द्,फ्,त्,0
द्,ब्,द्,0
द्,भ्,द्,0
द्,म्,न्,0
द्,ल्,ंल्,0
ध्,अ,द्,0
ध्,आ,द्,0
ध्,इ,द्,0
ध्,ई,द्,0
ध्,उ,द्,0
ध्,ऊ,द्,0
ध्,ऋ,द्,0
ध्,ॠ,द्,0
ध्,ऌ,द्,0
ध्,ए,द्,0
ध्,ऐ,द्,0
ध्,ओ,द्,0
ध्,औ,द्,0
ध्,क्,त्,0
ध्,ख्,त्,0
ध्,ग्,द्,0
ध्,घ्,द्,0
ध्,ङ्,न्,0
ध्,च्,च्,0
ध्,छ्,च्,0
ध्,ज्,ज्,0
ध्,झ्,ज्,0
ध्,ञ्,ञ्,0
ध्,ट्,ट्,0
ध्,ठ्,ट्,0
ध्,ड्,ड्,0
ध्,ढ्,ड्,0
ध्,ण्,ण्,0
ध्,त्,त्,0
ध्,थ्,त्,0
ध्,द्,द्,0
ध्,ध्,द्,0
ध्,न्,न्,0
ध्,प्,त्,0
ध्,फ्,त्,0
ध्,ब्,द्,0
ध्,भ्,द्,0
ध्,म्,न्,0
ध्,ल्,ंल्,0
न्,अ,न्,2
न्,आ,न्,2
न्,इ,न्,2
न्,ई,न्,2
न्,उ,न्,2
न्,ऊ,न्,2
न्,ऋ,न्,2
न्,ॠ,न्,2
न्,ऌ,न्,2
न्,ए,न्,2
न्,ऐ,न्,2
न्,ओ,न्,2
न्,औ,न्,2
न्,ङ्,न्,0
न्,च्,ंश्,1
न्,छ्,ंश्,1
न्,ज्,ञ्,0
न्,झ्,ञ्,0
न्,ञ्,ञ्,0
न्,ट्,ंष्,1
न्,ठ्,ंष्,1
न्,ण्,ण्,0
न्,त्,ंस्,1
न्,थ्,ंस्,1
न्,न्,न्,0
न्,म्,न्,0
न्,ल्,ंल्,0
न्,श्,ञ्,0
प्,अ,ब्,0
प्,आ,ब्,0
प्,इ,ब्,0
प्,ई,ब्,0
प्,उ,ब्,0
प्,ऊ,ब्,0
प्,ऋ,ब्,0
प्,ॠ,ब्,0
प्,ऌ,ब्,0
प्,ए,ब्,0
प्,ऐ,ब्,0
प्,ओ,ब्,0
प्,औ,ब्,0
प्,क्,प्,0
प्,ख्,प्,0
प्,ग्,ब्,0
प्,घ्,ब्,0
प्,ङ्,म्,0
प्,च्,प्,0
प्,छ्,प्,0
प्,ज्,ब्,0
प्,झ्,ब्,0
प्,ञ्,म्,0
प्,ट्,प्,0
प्,ठ्,प्,0
प्,ड्,ब्,0
प्,ढ्,ब्,0
प्,ण्,म्,0
प्,त्,प्,0
प्,थ्,प्,0
प्,द्,ब्,0
प्,ध्,ब्,0
प्,न्,म्,0
प्,प्,प्,0
प्,फ्,प्,0
प्,ब्,ब्,0
प्,भ्,ब्,0
प्,म्,म्,0
फ्,अ,ब्,0
फ्,आ,ब्,0
फ्,इ,ब्,0
फ्,ई,ब्,0
फ्,उ,ब्,0
फ्,ऊ,ब्,0
फ्,ऋ,ब्,0
फ्,ॠ,ब्,0
फ्,ऌ,ब्,0
फ्,ए,ब्,0
फ्,ऐ,ब्,0
फ्,ओ,ब्,0
फ्,औ,ब्,0
फ्,क्,प्,0
फ्,ख्,प्,0
फ्,ग्,ब्,0
फ्,घ्,ब्,0
फ्,ङ्,म्,0
फ्,च्,प्,0
फ्,छ्,प्,0
फ्,ज्,ब्,0
फ्,झ्,ब्,0
फ्,ञ्,म्,0
फ्,ट्,प्,0
फ्,ठ्,प्,0
फ्,ड्,ब्,0
फ्,ढ्,ब्,0
फ्,ण्,म्,0
फ्,त्,प्,0
फ्,थ्,प्,0
फ्,द्,ब्,0
फ्,ध्,ब्,0
फ्,न्,म्,0
फ्,प्,प्,0
फ्,फ्,प्,0
फ्,ब्,ब्,0
फ्,भ्,ब्,0
फ्,म्,म्,0
ब्,अ,ब्,0
ब्,आ,ब्,0
ब्,इ,ब्,0
ब्,ई,ब्,0
ब्,उ,ब्,0
ब्,ऊ,ब्,0
ब्,ऋ,ब्,0
ब्,ॠ,ब्,0
ब्,ऌ,ब्,0
ब्,ए,ब्,0
ब्,ऐ,ब्,0
ब्,ओ,ब्,0
ब्,औ,ब्,0
ब्,क्,प्,0
ब्,ख्,प्,0
ब्,ग्,ब्,0
ब्,घ्,ब्,0
ब्,ङ्,म्,0
ब्,च्,प्,0
ब्,छ्,प्,0
ब्,ज्,ब्,0
ब्,झ्,ब्,0
ब्,ञ्,म्,0
ब्,ट्,प्,0
ब्,ठ्,प्,0
ब्,ड्,ब्,0
ब्,ढ्,ब्,0
ब्,ण्,म्,0
ब्,त्,प्,0
ब्,थ्,प्,0
ब्,द्,ब्,0
ब्,ध्,ब्,0
ब्,न्,म्,0
ब्,प्,प्,0
ब्,फ्,प्,0
ब्,ब्,ब्,0
ब्,भ्,ब्,0
ब्,म्,म्,0
भ्,अ,ब्,0
भ्,आ,ब्,0
भ्,इ,ब्,0
भ्,ई,ब्,0
भ्,उ,ब्,0
भ्,ऊ,ब्,0
भ्,ऋ,ब्,0
भ्,ॠ,ब्,0
भ्,ऌ,ब्,0
भ्,ए,ब्,0
भ्,ऐ,ब्,0
भ्,ओ,ब्,0
भ्,औ,ब्,0
भ्,क्,प्,0
भ्,ख्,प्,0
भ्,ग्,ब्,0
भ्,घ्,ब्,0
भ्,ङ्,म्,0
भ्,च्,प्,0
भ्,छ्,प्,0
भ्,ज्,ब्,0
भ्,झ्,ब्,0
भ्,ञ्,म्,0
भ्,ट्,प्,0
भ्,ठ्,प्,0
भ्,ड्,ब्,0
भ्,ढ्,ब्,0
भ्,ण्,म्,0
भ्,त्,प्,0
भ्,थ्,प्,0
भ्,द्,ब्,0
भ्,ध्,ब्,0
भ्,न्,म्,0
भ्,प्,प्,0
भ्,फ्,प्,0
भ्,ब्,ब्,0
भ्,भ्,ब्,0
भ्,म्,म्,0
म्,क्,ं,0
म्,ख्,ं,0
म्,ग्,ं,0
म्,घ्,ं,0
म्,ङ्,ं,0
म्,च्,ं,0
म्,छ्,ं,0
म्,ज्,ं,0
म्,झ्,ं,0
म्,ञ्,ं,0
म्,ट्,ं,0
म्,ठ्,ं,0
म्,ड्,ं,0
म्,ढ्,ं,0
म्,ण्,ं,0
म्,त्,ं,0
म्,थ्,ं,0
म्,द्,ं,0
म्,ध्,ं,0
म्,न्,ं,0
म्,प्,ं,0
म्,फ्,ं,0
म्,ब्,ं,0
म्,भ्,ं,0
म्,म्,ं,0
म्,य्,ं,0
म्,र्,ं,0
म्,ल्,ं,0
म्,व्,ं,0
म्,श्,ं,0
म्,ष्,ं,0
म्,स्,ं,0
म्,ह्,ं,0